{
    "epochs": 100,
    "ks": [
        1
    ],
    "l_v": [
        0.0005
    ],
    "name": "item_100k_u1_e100_b10_nh50",
    "decay": 0.0002,
    "momentums": [
        0.5,
        0.6
    ],
    "l_h": [
        0.0005
    ],
    "number_hidden": 50,
    "batch_size": 10,
    "l_w": [
        0.0005
    ],
    "results": [
        {
            "iteration": 0,
            "k": 1,
            "momentum": 0.5,
            "mae": 0.8655,
            "rmse": 1.1458184847522752,
            "lrate": 0.0005,
            "train_time": 7.8211588859558105,
            "test_time": 4.462043046951294,
            "prec_rec": [
                0.5012886597938144,
                0.21713647781188947,
                0.3030185004868549,
                null
            ]
        },
        {
            "iteration": 1,
            "k": 1,
            "momentum": 0.5,
            "mae": 0.8379,
            "rmse": 1.1269871339105872,
            "lrate": 0.0005,
            "train_time": 7.959559917449951,
            "test_time": 4.433985948562622,
            "prec_rec": [
                0.5163043478260869,
                0.26514094334356686,
                0.35035957956850455,
                null
            ]
        },
        {
            "iteration": 2,
            "k": 1,
            "momentum": 0.5,
            "mae": 0.81625,
            "rmse": 1.1008860068145112,
            "lrate": 0.0005,
            "train_time": 7.859850883483887,
            "test_time": 4.429631948471069,
            "prec_rec": [
                0.5022738756947953,
                0.2774211554563215,
                0.3574253865516001,
                null
            ]
        },
        {
            "iteration": 3,
            "k": 1,
            "momentum": 0.5,
            "mae": 0.80235,
            "rmse": 1.0877729542510237,
            "lrate": 0.0005,
            "train_time": 7.956427097320557,
            "test_time": 4.435742139816284,
            "prec_rec": [
                0.5565978736710444,
                0.24839519955344683,
                0.3434967194133539,
                null
            ]
        }
    ]
}