{
    "epochs": 100,
    "ks": [
        1
    ],
    "l_v": [
        0.0005
    ],
    "name": "item_100k_u1_e100_b10_nh100",
    "decay": 0.0002,
    "momentums": [
        0.5,
        0.6
    ],
    "l_h": [
        0.0005
    ],
    "number_hidden": 100,
    "batch_size": 10,
    "l_w": [
        0.0005
    ],
    "results": [
        {
            "iteration": 0,
            "k": 1,
            "momentum": 0.5,
            "mae": 0.85935,
            "rmse": 1.1381344384561958,
            "lrate": 0.0005,
            "train_time": 9.819189548492432,
            "test_time": 4.463796854019165,
            "prec_rec": [
                0.5170352659892409,
                0.2414178063075635,
                0.3291476407914764,
                null
            ]
        },
        {
            "iteration": 1,
            "k": 1,
            "momentum": 0.5,
            "mae": 0.81855,
            "rmse": 1.1118677978968543,
            "lrate": 0.0005,
            "train_time": 9.986346006393433,
            "test_time": 4.460892915725708,
            "prec_rec": [
                0.4861583292860612,
                0.27937482556516885,
                0.3548387096774194,
                null
            ]
        }
    ]
}